Corrected_speed(RPM),Corrected_mass_flow(kg/s),pt_AA_15(Pa),pt_MA_15(Pa),Tt_AA_15(K),Tt_MA_15(K),pt_AA_30(Pa),pt_MA_30(Pa),Tt_AA_30(K),Tt_MA_30(K),ptr_AA_15_30,Ttr_AA_15_30,Ttr_MA_15_30,Isentropic_Efficiency_15_30
20000,16.006,100502.711,100703.992,287.595,287.737,149250.953,149726.984,327.143,326.947,1.48504405,1.137512822,1.136270275,0.877771462
