Corrected_speed(RPM),Corrected_mass_flow(kg/s),pt_AA_15(Pa),pt_MA_15(Pa),Tt_AA_15(K),Tt_MA_15(K),pt_AA_30(Pa),pt_MA_30(Pa),Tt_AA_30(K),Tt_MA_30(K),ptr_AA_15_30,Ttr_AA_15_30,Ttr_MA_15_30,Isentropic_Efficiency_15_30
20000,16.002064,100628.6269,100810.2138,287.596999,287.745578,151871.2306,152350.1829,328.397894,328.230772,1.509224912,1.141868292,1.140697884,0.886956392
