Corrected_speed(RPM),Corrected_mass_flow(kg/s),pt_AA_15(Pa),pt_MA_15(Pa),Tt_AA_15(K),Tt_MA_15(K),pt_AA_30(Pa),pt_MA_30(Pa),Tt_AA_30(K),Tt_MA_30(K),ptr_AA_15_30,Ttr_AA_15_30,Ttr_MA_15_30,Isentropic_Efficiency_15_30
20000,16.006103,100638.6956,100818.2013,287.587679,287.735208,151254.1131,151719.8325,328.176101,328.011015,1.502941907,1.141134078,1.139975248,0.881963157
