Corrected_speed(RPM),Corrected_mass_flow(kg/s),pt_AA_15(Pa),pt_MA_15(Pa),Tt_AA_15(K),Tt_MA_15(K),pt_AA_30(Pa),pt_MA_30(Pa),Tt_AA_30(K),Tt_MA_30(K),ptr_AA_15_30,Ttr_AA_15_30,Ttr_MA_15_30,Isentropic_Efficiency_15_30
20010.06679,16.05200404,100730.423,101113.3315,287.7102953,287.971703,150734.4695,152876.1896,327.7961801,327.4472703,1.496414539,1.139327252,1.137081411,0.890396287
