Corrected_speed(RPM),Corrected_mass_flow(kg/s),pt_AA_15(Pa),pt_MA_15(Pa),Tt_AA_15(K),Tt_MA_15(K),pt_AA_30(Pa),pt_MA_30(Pa),Tt_AA_30(K),Tt_MA_30(K),ptr_AA_15_30,Ttr_AA_15_30,Ttr_MA_15_30,Isentropic_Efficiency_15_30
20000,16.096242,100637.1409,100816.5592,287.586739,287.732949,145543.068,146161.4123,325.313697,325.095156,1.446216244,1.131184623,1.12985029,0.856148
